{'SubmissionId': '5389818086369950926'},{'companyName': 'ew'}
{'SubmissionId': '5389818086369950926'},{'phoneNumber4': '() '}
{'SubmissionId': '5389818086369950926'},{'faxNumber': '() '}
{'SubmissionId': '5389818086369950926'},{'companyType': 'Sole Proprietorship'}
{'SubmissionId': '5389818086369950926'},{'accountsPayable': {'first': 'we'}}
{'SubmissionId': '5389818086369950926'},{'accountsPayable13': '() '}
{'SubmissionId': '5389818086369950926'},{'accountsPayable14': '() '}
{'SubmissionId': '5389818086369950926'},{'bankPhone': '() '}
{'SubmissionId': '5389818086369950926'},{'phoneNumber26': '() '}
{'SubmissionId': '5389818086369950926'},{'faxNumber27': '() '}
{'SubmissionId': '5389818086369950926'},{'phoneNumber': '() '}
{'SubmissionId': '5389818086369950926'},{'faxNumber37': '() '}
{'SubmissionId': '5389818086369950926'},{'phoneNumber41': '() '}
{'SubmissionId': '5389818086369950926'},{'faxNumber42': '() '}
{'SubmissionId': '5389818086369950926'},"{'agreementAnd47': ['By submitting this credit application, you authorize us to make inquires into the banking and buisness references that you provided.']}"
{'SubmissionId': '5389818086369950926'},{'signature': 'https://www.jotform.com/uploads/zalmellc/222564276594162/5389818086369950926/5389818086369950926_signature_56.png'}
{'SubmissionId': '5389807246362481782'},{'companyName': 'kllklk'}
{'SubmissionId': '5389807246362481782'},{'phoneNumber4': '() '}
{'SubmissionId': '5389807246362481782'},{'faxNumber': '() '}
{'SubmissionId': '5389807246362481782'},{'companyType': 'Sole Proprietorship'}
{'SubmissionId': '5389807246362481782'},{'accountsPayable13': '() '}
{'SubmissionId': '5389807246362481782'},{'accountsPayable14': '() '}
{'SubmissionId': '5389807246362481782'},{'bankPhone': '() '}
{'SubmissionId': '5389807246362481782'},{'phoneNumber26': '() '}
{'SubmissionId': '5389807246362481782'},{'faxNumber27': '() '}
{'SubmissionId': '5389807246362481782'},{'phoneNumber': '() '}
{'SubmissionId': '5389807246362481782'},{'faxNumber37': '() '}
{'SubmissionId': '5389807246362481782'},{'phoneNumber41': '() '}
{'SubmissionId': '5389807246362481782'},{'faxNumber42': '() '}
{'SubmissionId': '5389807246362481782'},"{'agreementAnd47': ['By submitting this credit application, you authorize us to make inquires into the banking and buisness references that you provided.']}"
{'SubmissionId': '5389807246362481782'},{'agreementAnd48': ['Claims arising from invoices must be made within 7 business days of the invoice date.']}
{'SubmissionId': '5389807246362481782'},{'signature': 'https://www.jotform.com/uploads/zalmellc/222564276594162/5389807246362481782/5389807246362481782_signature_56.png'}
{'SubmissionId': '5389805036364173514'},{'companyName': 'ergereg'}
{'SubmissionId': '5389805036364173514'},{'phoneNumber4': {'area': 'rerer'}}
{'SubmissionId': '5389805036364173514'},{'faxNumber': '() '}
{'SubmissionId': '5389805036364173514'},{'companyShipping': {'addr_line1': 'errere'}}
{'SubmissionId': '5389805036364173514'},{'companyType': 'Sole Proprietorship'}
{'SubmissionId': '5389805036364173514'},{'accountsPayable13': '() '}
{'SubmissionId': '5389805036364173514'},{'accountsPayable14': {'area': '4334'}}
{'SubmissionId': '5389805036364173514'},{'bankPhone': '() '}
{'SubmissionId': '5389805036364173514'},{'reference124': 'efredr'}
{'SubmissionId': '5389805036364173514'},{'phoneNumber26': '() '}
{'SubmissionId': '5389805036364173514'},{'faxNumber27': '() '}
{'SubmissionId': '5389805036364173514'},{'phoneNumber': '() '}
{'SubmissionId': '5389805036364173514'},{'faxNumber37': '() '}
{'SubmissionId': '5389805036364173514'},{'phoneNumber41': '() '}
{'SubmissionId': '5389805036364173514'},{'faxNumber42': '() '}
{'SubmissionId': '5389805036364173514'},"{'agreementAnd47': ['By submitting this credit application, you authorize us to make inquires into the banking and buisness references that you provided.']}"
{'SubmissionId': '5389805036364173514'},{'agreementAnd48': ['Claims arising from invoices must be made within 7 business days of the invoice date.']}
{'SubmissionId': '5389805036364173514'},{'signature': 'https://www.jotform.com/uploads/zalmellc/222564276594162/5389805036364173514/5389805036364173514_signature_56.png'}
{'SubmissionId': '5389731296361225240'},{'phoneNumber4': '() '}
{'SubmissionId': '5389731296361225240'},{'faxNumber': '() '}
{'SubmissionId': '5389731296361225240'},{'companyType': 'Sole Proprietorship'}
{'SubmissionId': '5389731296361225240'},{'accountsPayable13': '() '}
{'SubmissionId': '5389731296361225240'},{'accountsPayable14': '() '}
{'SubmissionId': '5389731296361225240'},{'bankPhone': '() '}
{'SubmissionId': '5389731296361225240'},{'phoneNumber26': '() '}
{'SubmissionId': '5389731296361225240'},{'faxNumber27': '() '}
{'SubmissionId': '5389731296361225240'},{'phoneNumber': '() '}
{'SubmissionId': '5389731296361225240'},{'faxNumber37': '() '}
{'SubmissionId': '5389731296361225240'},{'phoneNumber41': '() '}
{'SubmissionId': '5389731296361225240'},{'faxNumber42': '() '}
{'SubmissionId': '5389731296361225240'},"{'agreementAnd47': ['By submitting this credit application, you authorize us to make inquires into the banking and buisness references that you provided.']}"
{'SubmissionId': '5389731296361225240'},{'signature': 'https://www.jotform.com/uploads/zalmellc/222564276594162/5389731296361225240/5389731296361225240_signature_56.png'}
